feature,split,auc_fold0,auc_fold1,auc_fold2,auc_fold3,auc_fold4,auc_mean,auc01_fold0,auc01_fold1,auc01_fold2,auc01_fold3,auc01_fold4,auc01_mean
iptm_tcrpmhc,rs,0.847,0.854,0.851,0.846,0.838,0.847,0.810,0.820,0.827,0.807,0.829,0.819
iptm_tcrpmhc,ss,0.864,0.841,0.869,0.842,0.851,0.854,0.754,0.662,0.744,0.723,0.743,0.725
global_plddt,rs,0.807,0.809,0.809,0.803,0.789,0.803,0.788,0.786,0.795,0.775,0.814,0.792
global_plddt,ss,0.816,0.798,0.832,0.805,0.819,0.814,0.703,0.660,0.738,0.702,0.703,0.701
cdr1_A,rs,0.791,0.791,0.781,0.785,0.772,0.784,0.778,0.763,0.779,0.776,0.789,0.777
cdr1_A,ss,0.818,0.790,0.778,0.776,0.781,0.789,0.686,0.641,0.700,0.702,0.719,0.690
cdr2_A,rs,0.752,0.759,0.757,0.738,0.742,0.750,0.755,0.746,0.756,0.727,0.766,0.750
cdr2_A,ss,0.756,0.757,0.759,0.742,0.746,0.752,0.654,0.599,0.715,0.652,0.713,0.667
cdr3_A,rs,0.760,0.774,0.767,0.760,0.739,0.760,0.744,0.761,0.749,0.744,0.764,0.752
cdr3_A,ss,0.794,0.751,0.769,0.757,0.768,0.768,0.681,0.608,0.701,0.664,0.678,0.666
cdr1_B,rs,0.805,0.808,0.800,0.792,0.796,0.800,0.791,0.790,0.790,0.778,0.801,0.790
cdr1_B,ss,0.808,0.812,0.821,0.788,0.803,0.806,0.711,0.659,0.743,0.698,0.661,0.694
cdr2_B,rs,0.816,0.811,0.804,0.802,0.801,0.807,0.779,0.775,0.790,0.754,0.803,0.780
cdr2_B,ss,0.822,0.813,0.832,0.796,0.813,0.815,0.707,0.663,0.704,0.692,0.742,0.702
cdr3_B,rs,0.782,0.787,0.783,0.783,0.778,0.783,0.763,0.761,0.777,0.784,0.771,0.771
cdr3_B,ss,0.799,0.783,0.791,0.776,0.787,0.787,0.692,0.636,0.723,0.707,0.683,0.688
iptm_mean,rs,0.848,0.853,0.850,0.842,0.834,0.846,0.810,0.827,0.816,0.814,0.825,0.818
iptm_mean,ss,0.865,0.838,0.868,0.841,0.848,0.852,0.737,0.659,0.749,0.718,0.747,0.722
pdockq,rs,0.791,0.788,0.779,0.781,0.791,0.786,0.804,0.765,0.775,0.779,0.811,0.787
pdockq,ss,0.812,0.782,0.796,0.765,0.782,0.788,0.705,0.639,0.688,0.678,0.713,0.684
avgipae_pmhc,rs,0.841,0.850,0.842,0.836,0.827,0.839,0.791,0.824,0.815,0.798,0.830,0.812
avgipae_pmhc,ss,0.858,0.832,0.868,0.829,0.845,0.846,0.733,0.658,0.752,0.716,0.743,0.720
avgipae_tcr,rs,0.834,0.846,0.836,0.832,0.817,0.833,0.800,0.800,0.800,0.792,0.819,0.802
avgipae_tcr,ss,0.846,0.826,0.863,0.819,0.839,0.839,0.713,0.647,0.725,0.702,0.723,0.702
avgipae_average,rs,0.836,0.847,0.839,0.833,0.820,0.835,0.804,0.804,0.807,0.793,0.824,0.806
avgipae_average,ss,0.850,0.829,0.866,0.823,0.841,0.842,0.721,0.653,0.737,0.704,0.723,0.708
pdockq2_pmhc,rs,0.842,0.851,0.845,0.838,0.829,0.841,0.795,0.821,0.815,0.796,0.832,0.812
pdockq2_pmhc,ss,0.861,0.832,0.869,0.833,0.844,0.848,0.740,0.661,0.756,0.717,0.739,0.723
pdockq2_tcr,rs,0.838,0.848,0.839,0.835,0.823,0.836,0.805,0.801,0.801,0.798,0.825,0.806
pdockq2_tcr,ss,0.850,0.829,0.861,0.825,0.840,0.841,0.723,0.653,0.731,0.709,0.737,0.711
pae_mean,rs,0.200,0.196,0.195,0.214,0.209,0.203,0.512,0.505,0.505,0.494,0.509,0.505
pae_mean,ss,0.174,0.203,0.221,0.199,0.222,0.204,0.474,0.479,0.474,0.474,0.474,0.475
pae_max,rs,0.241,0.226,0.237,0.258,0.268,0.246,0.517,0.505,0.521,0.509,0.518,0.514
pae_max,ss,0.228,0.243,0.257,0.241,0.257,0.245,0.474,0.486,0.478,0.474,0.474,0.477
pae_std,rs,0.216,0.203,0.212,0.232,0.239,0.220,0.502,0.503,0.511,0.507,0.506,0.506
pae_std,ss,0.203,0.219,0.222,0.219,0.229,0.218,0.474,0.474,0.474,0.474,0.474,0.474
pae_median,rs,0.218,0.217,0.217,0.236,0.222,0.222,0.513,0.526,0.520,0.496,0.520,0.515
pae_median,ss,0.180,0.218,0.258,0.215,0.242,0.223,0.478,0.474,0.474,0.490,0.476,0.478
pae_p10,rs,0.340,0.352,0.343,0.365,0.319,0.344,0.551,0.560,0.549,0.531,0.586,0.556
pae_p10,ss,0.289,0.315,0.417,0.325,0.371,0.343,0.482,0.507,0.516,0.496,0.502,0.500
pae_p90,rs,0.204,0.198,0.201,0.220,0.221,0.209,0.506,0.503,0.511,0.494,0.503,0.504
pae_p90,ss,0.184,0.211,0.219,0.208,0.223,0.209,0.474,0.474,0.474,0.474,0.474,0.474
pae_frac_lt_5,rs,0.764,0.768,0.766,0.746,0.758,0.760,0.738,0.726,0.751,0.725,0.726,0.733
pae_frac_lt_5,ss,0.794,0.767,0.721,0.764,0.739,0.757,0.658,0.579,0.656,0.613,0.601,0.621
pae_frac_gt_15,rs,0.244,0.220,0.229,0.250,0.258,0.240,0.491,0.496,0.513,0.507,0.502,0.502
pae_frac_gt_15,ss,0.225,0.232,0.228,0.235,0.235,0.231,0.474,0.474,0.478,0.474,0.474,0.475
pae_asymmetry,rs,0.330,0.327,0.337,0.362,0.364,0.344,0.560,0.568,0.590,0.552,0.586,0.571
pae_asymmetry,ss,0.312,0.339,0.375,0.341,0.361,0.346,0.508,0.499,0.499,0.502,0.522,0.506
